duration,protocol_type,service,flag,src_bytes,dst_bytes,label,anomaly_flag,anomaly_score,malware_family_cluster,phishing_score,phishing_flag,zero_day_threat_score,zero_day_flag
242,tcp,telnet,SF,504,27200,unknown,1,-0.1111,-1,1.0,1,1.0,1
804,tcp,telnet,SF,1589,36386,unknown,1,-0.0969,-1,1.0,1,1.0,1
1776,tcp,telnet,SF,3061,54942,unknown,1,-0.1952,-1,1.0,1,1.0,1
3054,tcp,telnet,SF,777,124974,unknown,1,-0.0929,-1,0.99,1,0.997,1
184,tcp,telnet,SF,2923,5285,unknown,1,-0.1147,-1,0.98,1,0.994,1
135,tcp,telnet,SF,353,5769,unknown,1,-0.1231,-1,0.97,1,0.991,1
89,tcp,telnet,SF,3750,27510,unknown,1,-0.1094,-1,0.97,1,0.991,1
192,tcp,telnet,SF,1713,18570,unknown,1,-0.1167,-1,0.97,1,0.991,1
1419,tcp,telnet,SF,46134,46626,unknown,1,-0.0899,-1,0.96,1,0.988,1
988,tcp,telnet,SF,1773,32209,unknown,1,-0.1121,-1,0.96,1,0.988,1
293,tcp,telnet,SF,2773,41955,unknown,1,-0.113,-1,0.95,1,0.985,1
126,tcp,ftp,SF,644,1876,unknown,1,-0.0202,-1,0.95,1,0.985,1
0,tcp,finger,S0,0,0,unknown,1,-0.1347,-1,0.95,1,0.985,1
314,tcp,telnet,SF,2602,3167,unknown,1,-0.0701,-1,0.95,1,0.985,1
84,tcp,telnet,SF,2742,5433,unknown,1,-0.0419,-1,0.95,1,0.985,1
0,tcp,finger,S0,0,0,unknown,1,-0.1345,-1,0.95,1,0.985,1
0,tcp,finger,S0,0,0,unknown,1,-0.1347,-1,0.95,1,0.985,1
23,tcp,ftp,SF,146,650,unknown,1,-0.0226,-1,0.94,1,0.982,1
0,tcp,finger,S0,0,0,unknown,1,-0.103,-1,0.94,1,0.982,1
69,tcp,telnet,SF,2458,223095,unknown,1,-0.0584,-1,0.94,1,0.982,1
1964,tcp,telnet,SF,3760,29364,unknown,1,-0.1208,-1,0.93,1,0.979,1
75,tcp,telnet,SF,277,1087,unknown,1,-0.0799,-1,0.93,1,0.979,1
0,tcp,private,S1,2,834163,unknown,1,-0.0521,-1,0.92,1,0.976,1
2224,tcp,telnet,SF,3548,37496,unknown,1,-0.1162,-1,0.91,1,0.973,1
0,tcp,finger,S0,0,0,unknown,1,-0.0396,-1,0.91,1,0.973,1
0,tcp,finger,S0,0,0,unknown,1,-0.0181,-1,0.91,1,0.973,1
84,tcp,telnet,SF,277,1089,unknown,1,-0.0601,-1,0.9,1,0.97,1
73,tcp,telnet,SF,3222,4004,unknown,1,-0.0211,-1,0.89,1,0.967,1
0,tcp,X11,S1,286040,383476,unknown,1,-0.1002,-1,0.89,1,0.967,1
99,tcp,ftp,SF,4455,7403,unknown,1,-0.0035,-1,0.89,1,0.967,1
54,tcp,telnet,SF,3256,36458,unknown,1,-0.0672,-1,0.87,1,0.961,1
73,tcp,telnet,SF,3741,25423,unknown,1,-0.0376,-1,0.87,1,0.961,1
42689,tcp,smtp,S2,0,0,unknown,1,-0.0306,-1,0.86,1,0.958,1
38701,tcp,smtp,S2,0,0,unknown,1,-0.0328,-1,0.86,1,0.958,1
12931,tcp,telnet,SF,1164,160726,unknown,1,-0.0902,-1,0.85,1,0.955,1
0,tcp,finger,S0,0,0,unknown,1,-0.027,-1,0.85,1,0.955,1
148,tcp,ftp,SF,133,579,unknown,1,-0.004,-1,0.84,1,0.952,1
16500,tcp,telnet,SF,1256,182830,unknown,1,-0.0985,-1,0.84,1,0.952,1
28,tcp,ftp_data,SF,6291668,0,unknown,1,-0.0183,-1,0.78,1,0.934,1
111,tcp,telnet,SF,336,152292,unknown,1,-0.0055,-1,0.77,1,0.931,1
317,tcp,X11,SF,62825648,90476,unknown,1,-0.0285,-1,0.71,0,0.913,1
433,tcp,X11,SF,31645608,207796,unknown,1,-0.0153,-1,0.7,0,0.91,1
57715,tcp,X11,SF,39224,511712,unknown,1,-0.0215,-1,0.68,0,0.904,1
40,tcp,telnet,SF,258,2625,unknown,1,-0.0072,-1,0.66,0,0.898,1
35,tcp,telnet,SF,660,343195,unknown,1,-0.0374,-1,0.61,0,0.883,1
0,icmp,ecr_i,SF,1480,0,unknown,1,-0.0248,-1,0.6,0,0.88,1
0,icmp,ecr_i,SF,1480,0,unknown,1,-0.0276,-1,0.6,0,0.88,1
0,icmp,ecr_i,SF,1480,0,unknown,1,-0.0229,-1,0.59,0,0.877,1
0,tcp,http,REJ,177,307,Probe,1,-0.1516,-99,1.0,1,0.8,1
0,tcp,http,S0,24,0,DoS,1,-0.0674,-99,1.0,1,0.8,1
1,tcp,private,REJ,43,0,DoS,1,-0.0764,-99,1.0,1,0.8,1
2,icmp,ftp,S0,375,185,Probe,1,-0.1579,-99,1.0,1,0.8,1
2,udp,smtp,REJ,499,430,Probe,1,-0.1444,-99,1.0,1,0.8,1
0,icmp,private,REJ,4,0,DoS,1,-0.075,-99,1.0,1,0.8,1
164,tcp,ftp,SF,33354,4367,R2L,1,-0.1202,-99,1.0,1,0.8,1
201,tcp,ssh,RSTO,9047,2646,R2L,1,-0.0733,-99,1.0,1,0.8,1
2,icmp,http,REJ,160,138,Probe,1,-0.1563,-99,1.0,1,0.8,1
0,tcp,http,S0,30,0,DoS,1,-0.0893,-99,1.0,1,0.8,1
41,tcp,ftp,SF,3982,2072,U2R,1,-0.1009,-99,1.0,1,0.8,1
39,tcp,telnet,SF,9514,4504,U2R,1,-0.0638,-99,1.0,1,0.8,1
1,icmp,private,S0,433,342,Probe,1,-0.1312,-99,1.0,1,0.8,1
0,tcp,private,REJ,0,0,DoS,1,-0.0793,-99,1.0,1,0.8,1
2,udp,http,REJ,448,185,Probe,1,-0.1265,-99,1.0,1,0.8,1
3,icmp,http,REJ,433,298,Probe,1,-0.1629,-99,1.0,1,0.8,1
0,tcp,private,S0,53,0,DoS,1,-0.0937,-99,1.0,1,0.8,1
28,tcp,ftp,SF,6576,4077,U2R,1,-0.1121,-99,1.0,1,0.8,1
1,udp,ftp,S0,86,387,Probe,1,-0.1434,-99,1.0,1,0.8,1
0,tcp,ecr_i,S0,74,0,DoS,1,-0.0843,-99,1.0,1,0.8,1
3,tcp,private,S0,136,360,Probe,1,-0.1142,-99,1.0,1,0.8,1
1,icmp,private,REJ,67,0,DoS,1,-0.0908,-99,1.0,1,0.8,1
0,tcp,http,REJ,80,0,DoS,1,-0.0941,-99,1.0,1,0.8,1
1,icmp,http,S0,3,0,DoS,1,-0.0762,-99,1.0,1,0.8,1
2,udp,ftp,SF,67,354,Probe,1,-0.1642,-99,1.0,1,0.8,1
0,icmp,ecr_i,REJ,66,0,DoS,1,-0.0922,-99,1.0,1,0.8,1
1,icmp,http,S0,18,0,DoS,1,-0.0914,-99,1.0,1,0.8,1
114,tcp,ftp,SF,8557,3760,R2L,1,-0.0949,-99,1.0,1,0.8,1
1,icmp,http,S0,3,0,DoS,1,-0.0914,-99,1.0,1,0.8,1
0,icmp,private,S0,88,0,DoS,1,-0.0766,-99,1.0,1,0.8,1
0,udp,ftp,REJ,252,78,Probe,1,-0.1245,-99,1.0,1,0.8,1
4,udp,http,S0,198,182,Probe,1,-0.1487,-99,1.0,1,0.8,1
188,tcp,telnet,SF,36609,2076,R2L,1,-0.0655,-99,1.0,1,0.8,1
13,tcp,telnet,SF,1207,2467,U2R,1,-0.1433,-99,1.0,1,0.8,1
4,icmp,http,REJ,213,270,Probe,1,-0.1189,-99,1.0,1,0.8,1
1,icmp,ecr_i,S0,47,0,DoS,1,-0.0919,-99,1.0,1,0.8,1
0,tcp,ecr_i,S0,24,0,DoS,1,-0.0936,-99,1.0,1,0.8,1
0,tcp,http,S0,8,0,DoS,1,-0.0838,-99,1.0,1,0.8,1
2,udp,private,S0,391,31,Probe,1,-0.1386,-99,1.0,1,0.8,1
168,tcp,smtp,RSTO,21368,462,R2L,1,-0.0798,-99,1.0,1,0.8,1
1,tcp,smtp,S0,401,260,Probe,1,-0.1268,-99,1.0,1,0.8,1
0,tcp,private,S0,79,0,DoS,1,-0.0712,-99,1.0,1,0.8,1
0,icmp,private,S0,218,460,Probe,1,-0.1696,-99,1.0,1,0.8,1
0,icmp,private,REJ,448,46,Probe,1,-0.1636,-99,1.0,1,0.8,1
1,tcp,http,S0,68,0,DoS,1,-0.0782,-99,1.0,1,0.8,1
178,tcp,ftp,SF,39390,4612,R2L,1,-0.0886,-99,1.0,1,0.8,1
0,tcp,ecr_i,S0,23,0,DoS,1,-0.0775,-99,1.0,1,0.8,1
1,tcp,private,S0,75,0,DoS,1,-0.0752,-99,1.0,1,0.8,1
0,tcp,ecr_i,S0,19,0,DoS,1,-0.093,-99,1.0,1,0.8,1
0,udp,ftp,S0,311,423,Probe,1,-0.1388,-99,1.0,1,0.8,1
4,tcp,ftp,S0,493,256,Probe,1,-0.1311,-99,1.0,1,0.8,1
0,tcp,private,S0,68,0,DoS,1,-0.0645,-99,1.0,1,0.8,1
72,tcp,ftp,SF,8104,3391,U2R,1,-0.1027,-99,1.0,1,0.8,1
0,icmp,private,S0,80,0,DoS,1,-0.0777,-99,1.0,1,0.8,1
0,icmp,private,S0,207,316,Probe,1,-0.1594,-99,1.0,1,0.8,1
98,tcp,ftp,SF,15994,4321,R2L,1,-0.1027,-99,1.0,1,0.8,1
221,tcp,ftp,SF,11637,4897,R2L,1,-0.0978,-99,1.0,1,0.8,1
0,icmp,ecr_i,REJ,92,0,DoS,1,-0.0789,-99,1.0,1,0.8,1
1,icmp,ecr_i,S0,69,0,DoS,1,-0.0663,-99,1.0,1,0.8,1
284,tcp,ssh,SF,29919,1134,R2L,1,-0.1113,-99,1.0,1,0.8,1
3,udp,smtp,S0,494,187,Probe,1,-0.1426,-99,1.0,1,0.8,1
0,icmp,ecr_i,S0,61,0,DoS,1,-0.0766,-99,1.0,1,0.8,1
1,icmp,private,REJ,26,0,DoS,1,-0.0955,-99,1.0,1,0.8,1
0,tcp,private,S0,53,0,DoS,1,-0.0937,-99,1.0,1,0.8,1
50,tcp,ssh,SF,3620,3731,U2R,1,-0.0934,-99,1.0,1,0.8,1
0,tcp,ftp,SF,407,409,Probe,1,-0.1198,-99,1.0,1,0.8,1
1,tcp,ecr_i,S0,19,0,DoS,1,-0.0746,-99,1.0,1,0.8,1
1,udp,private,S0,244,161,Probe,1,-0.1328,-99,1.0,1,0.8,1
1,icmp,private,S0,86,0,DoS,1,-0.0792,-99,1.0,1,0.8,1
1,tcp,http,REJ,112,164,Probe,1,-0.1432,-99,1.0,1,0.8,1
1,icmp,private,S0,55,0,DoS,1,-0.0735,-99,1.0,1,0.8,1
1,udp,http,S0,477,288,Probe,1,-0.1458,-99,1.0,1,0.8,1
1,icmp,ecr_i,S0,45,0,DoS,1,-0.0724,-99,1.0,1,0.8,1
1,icmp,ecr_i,S0,87,0,DoS,1,-0.0847,-99,1.0,1,0.8,1
0,tcp,http,S0,84,0,DoS,1,-0.0647,-99,1.0,1,0.8,1
129,tcp,smtp,SF,24647,3441,R2L,1,-0.0797,-99,1.0,1,0.8,1
3,icmp,ftp,REJ,120,482,Probe,1,-0.1374,-99,1.0,1,0.8,1
2,tcp,smtp,S0,123,489,Probe,1,-0.1556,-99,1.0,1,0.8,1
1,tcp,http,S0,51,0,DoS,1,-0.0799,-99,1.0,1,0.8,1
1,icmp,ftp,S0,51,16,Probe,1,-0.1328,-99,1.0,1,0.8,1
3,icmp,private,REJ,292,371,Probe,1,-0.1259,-99,1.0,1,0.8,1
12,tcp,ftp,SF,48292,1431,R2L,1,-0.0809,-99,1.0,1,0.8,1
4,tcp,private,REJ,82,332,Probe,1,-0.1332,-99,1.0,1,0.8,1
0,tcp,ecr_i,S0,12,0,DoS,1,-0.0776,-99,1.0,1,0.8,1
1,icmp,ecr_i,S0,40,0,DoS,1,-0.0896,-99,1.0,1,0.8,1
0,tcp,http,S0,40,0,DoS,1,-0.0897,-99,1.0,1,0.8,1
59,tcp,telnet,SF,7397,234,U2R,1,-0.1281,-99,1.0,1,0.8,1
0,udp,smtp,REJ,190,361,Probe,1,-0.1167,-99,1.0,1,0.8,1
2,udp,smtp,REJ,65,291,Probe,1,-0.1271,-99,1.0,1,0.8,1
0,tcp,private,S0,173,10,Probe,1,-0.0957,-99,1.0,1,0.8,1
0,udp,http,SF,328,244,Probe,1,-0.1489,-99,1.0,1,0.8,1
1,icmp,ecr_i,S0,10,0,DoS,1,-0.0858,-99,1.0,1,0.8,1
1,icmp,private,S0,79,0,DoS,1,-0.08,-99,1.0,1,0.8,1
1,tcp,smtp,REJ,86,451,Probe,1,-0.1242,-99,1.0,1,0.8,1
2,tcp,http,REJ,425,304,Probe,1,-0.1353,-99,1.0,1,0.8,1
0,tcp,http,S0,68,0,DoS,1,-0.0681,-99,1.0,1,0.8,1
1,icmp,private,S0,8,0,DoS,1,-0.092,-99,1.0,1,0.8,1
75,tcp,ftp,SF,34709,395,R2L,1,-0.0436,-99,1.0,1,0.8,1
11,tcp,telnet,RSTO,10041,2453,R2L,1,-0.1075,-99,1.0,1,0.8,1
2,tcp,http,REJ,190,429,Probe,1,-0.1403,-99,1.0,1,0.8,1
4,udp,private,S0,232,356,Probe,1,-0.1065,-99,1.0,1,0.8,1
1,tcp,http,SF,9,238,Probe,1,-0.1022,-99,1.0,1,0.8,1
0,tcp,ecr_i,S0,91,0,DoS,1,-0.0551,-99,1.0,1,0.8,1
0,tcp,http,S0,65,0,DoS,1,-0.0823,-99,1.0,1,0.8,1
84,tcp,ssh,SF,5277,2868,U2R,1,-0.1418,-99,1.0,1,0.8,1
1,icmp,ecr_i,REJ,63,0,DoS,1,-0.0855,-99,1.0,1,0.8,1
1,icmp,private,REJ,45,0,DoS,1,-0.0935,-99,1.0,1,0.8,1
0,tcp,ftp,S0,234,24,Probe,1,-0.1255,-99,1.0,1,0.8,1
252,tcp,ssh,SF,25022,3017,R2L,1,-0.12,-99,1.0,1,0.8,1
3,icmp,http,REJ,253,347,Probe,1,-0.1329,-99,1.0,1,0.8,1
0,tcp,http,S0,48,0,DoS,1,-0.0872,-99,1.0,1,0.8,1
0,icmp,http,REJ,50,0,DoS,1,-0.0851,-99,1.0,1,0.8,1
1,udp,smtp,S0,460,284,Probe,1,-0.1466,-99,1.0,1,0.8,1
3,icmp,http,SF,56,279,Probe,1,-0.1441,-99,1.0,1,0.8,1
0,tcp,private,SF,266,275,Probe,1,-0.1299,-99,1.0,1,0.8,1
0,icmp,ecr_i,REJ,55,0,DoS,1,-0.0924,-99,1.0,1,0.8,1
0,tcp,http,S0,82,0,DoS,1,-0.0951,-99,1.0,1,0.8,1
252,tcp,ssh,SF,26690,2599,R2L,1,-0.0611,-99,1.0,1,0.8,1
1,icmp,ecr_i,S0,86,0,DoS,1,-0.0934,-99,1.0,1,0.8,1
1,tcp,http,SF,465,409,Probe,1,-0.1518,-99,1.0,1,0.8,1
59,tcp,ftp,SF,9500,4583,U2R,1,-0.136,-99,1.0,1,0.8,1
83,tcp,smtp,SF,16656,4813,R2L,1,-0.1056,-99,1.0,1,0.8,1
4,udp,private,REJ,483,184,Probe,1,-0.147,-99,1.0,1,0.8,1
1,tcp,ecr_i,S0,37,0,DoS,1,-0.0824,-99,1.0,1,0.8,1
0,icmp,http,REJ,99,0,DoS,1,-0.0817,-99,1.0,1,0.8,1
15,tcp,telnet,SF,4214,2946,U2R,1,-0.1286,-99,1.0,1,0.8,1
1,icmp,private,REJ,52,0,DoS,1,-0.0702,-99,1.0,1,0.8,1
1,icmp,private,S0,79,0,DoS,1,-0.0839,-99,1.0,1,0.8,1
0,icmp,http,S0,49,0,DoS,1,-0.0804,-99,1.0,1,0.8,1
0,tcp,http,S0,12,0,DoS,1,-0.077,-99,1.0,1,0.8,1
0,tcp,http,S0,66,0,DoS,1,-0.0649,-99,1.0,1,0.8,1
4,icmp,smtp,SF,415,240,Probe,1,-0.1512,-99,1.0,1,0.8,1
1,udp,http,REJ,459,183,Probe,1,-0.1507,-99,1.0,1,0.8,1
0,tcp,http,S0,58,0,DoS,1,-0.0864,-99,1.0,1,0.8,1
0,tcp,http,S0,76,0,DoS,1,-0.0786,-99,1.0,1,0.8,1
0,tcp,ecr_i,S0,77,0,DoS,1,-0.0772,-99,1.0,1,0.8,1
2,udp,private,REJ,99,379,Probe,1,-0.1286,-99,1.0,1,0.8,1
1,tcp,ecr_i,S0,86,0,DoS,1,-0.0889,-99,1.0,1,0.8,1
0,icmp,http,S0,11,0,DoS,1,-0.1001,-99,1.0,1,0.8,1
3,icmp,ftp,REJ,450,167,Probe,1,-0.1785,-99,1.0,1,0.8,1
1,icmp,ecr_i,S0,6,0,DoS,1,-0.0919,-99,1.0,1,0.8,1
4,udp,private,REJ,270,234,Probe,1,-0.1329,-99,1.0,1,0.8,1
290,tcp,ftp,SF,48116,3966,R2L,1,-0.119,-99,1.0,1,0.8,1
63,tcp,ftp,SF,4201,4638,U2R,1,-0.1247,-99,1.0,1,0.8,1
1,tcp,ecr_i,REJ,8,0,DoS,1,-0.0864,-99,1.0,1,0.8,1
0,udp,smtp,S0,39,192,Probe,1,-0.1478,-99,1.0,1,0.8,1
4,icmp,http,REJ,434,62,Probe,1,-0.1582,-99,1.0,1,0.8,1
0,tcp,ecr_i,S0,3,0,DoS,1,-0.0784,-99,1.0,1,0.8,1
92,tcp,ftp,SF,15371,4995,R2L,1,-0.097,-99,1.0,1,0.8,1
0,tcp,ecr_i,S0,90,0,DoS,1,-0.0848,-99,1.0,1,0.8,1
48,tcp,ftp,SF,4472,1244,U2R,1,-0.1003,-99,1.0,1,0.8,1
112,tcp,telnet,SF,44342,3536,R2L,1,-0.0804,-99,1.0,1,0.8,1
67,tcp,smtp,SF,3607,365,R2L,1,-0.0819,-99,1.0,1,0.8,1
1,tcp,private,S0,11,0,DoS,1,-0.0897,-99,1.0,1,0.8,1
0,icmp,ecr_i,S0,94,0,DoS,1,-0.0813,-99,1.0,1,0.8,1
80,tcp,telnet,SF,5071,1405,U2R,1,-0.0736,-99,1.0,1,0.8,1
0,tcp,http,S0,34,0,DoS,1,-0.1016,-99,1.0,1,0.8,1
0,tcp,http,S0,57,0,DoS,1,-0.0852,-99,1.0,1,0.8,1
78,tcp,ssh,SF,7829,3393,U2R,1,-0.1414,-99,1.0,1,0.8,1
1,icmp,http,S0,19,0,DoS,1,-0.1062,-99,1.0,1,0.8,1
1,tcp,private,REJ,261,423,Probe,1,-0.151,-99,1.0,1,0.8,1
266,tcp,telnet,SF,31724,902,R2L,1,-0.111,-99,1.0,1,0.8,1
0,tcp,private,REJ,8,0,DoS,1,-0.0717,-99,1.0,1,0.8,1
1,icmp,ecr_i,S0,75,0,DoS,1,-0.0896,-99,1.0,1,0.8,1
52,tcp,ssh,SF,9693,942,U2R,1,-0.0685,-99,1.0,1,0.8,1
1,tcp,ftp,REJ,443,305,Probe,1,-0.1344,-99,1.0,1,0.8,1
1,tcp,http,S0,11,0,DoS,1,-0.0656,-99,1.0,1,0.8,1
1,icmp,ecr_i,REJ,84,0,DoS,1,-0.1016,-99,1.0,1,0.8,1
1,tcp,http,S0,312,162,Probe,1,-0.1119,-99,1.0,1,0.8,1
1,udp,http,REJ,45,2,Probe,1,-0.12,-99,1.0,1,0.8,1
3,icmp,smtp,REJ,354,255,Probe,1,-0.1328,-99,1.0,1,0.8,1
1,icmp,http,REJ,97,0,DoS,1,-0.0965,-99,1.0,1,0.8,1
1,tcp,ecr_i,S0,74,0,DoS,1,-0.0759,-99,1.0,1,0.8,1
288,tcp,telnet,SF,15936,112,R2L,1,-0.0901,-99,1.0,1,0.8,1
115,tcp,smtp,SF,48149,1555,R2L,1,-0.0664,-99,1.0,1,0.8,1
31,tcp,telnet,SF,7247,2610,U2R,1,-0.1166,-99,1.0,1,0.8,1
1,icmp,private,S0,191,219,Probe,1,-0.1227,-99,1.0,1,0.8,1
1,icmp,smtp,S0,22,149,Probe,1,-0.146,-99,1.0,1,0.8,1
180,tcp,ftp,SF,39195,717,R2L,1,-0.07,-99,1.0,1,0.8,1
1,icmp,private,REJ,20,0,DoS,1,-0.0911,-99,1.0,1,0.8,1
1,tcp,ecr_i,REJ,8,0,DoS,1,-0.0775,-99,1.0,1,0.8,1
0,udp,smtp,SF,216,351,Probe,1,-0.1404,-99,1.0,1,0.8,1
0,tcp,private,S0,12,0,DoS,1,-0.0774,-99,1.0,1,0.8,1
3,icmp,smtp,S0,397,14,Probe,1,-0.1436,-99,1.0,1,0.8,1
70,tcp,ftp,SF,3203,1817,U2R,1,-0.0861,-99,1.0,1,0.8,1
1,tcp,http,S0,5,66,Probe,1,-0.1437,-99,1.0,1,0.8,1
1,icmp,ftp,REJ,363,165,Probe,1,-0.1446,-99,1.0,1,0.8,1
139,tcp,telnet,RSTO,35391,3341,R2L,1,-0.0577,-99,1.0,1,0.8,1
3,icmp,smtp,S0,152,340,Probe,1,-0.1382,-99,1.0,1,0.8,1
0,tcp,http,S0,76,0,DoS,1,-0.0864,-99,1.0,1,0.8,1
125,tcp,smtp,SF,23996,4050,R2L,1,-0.1091,-99,1.0,1,0.8,1
2,udp,ftp,REJ,211,235,Probe,1,-0.1204,-99,1.0,1,0.8,1
0,icmp,ecr_i,S0,37,0,DoS,1,-0.0791,-99,1.0,1,0.8,1
1,icmp,ftp,REJ,92,415,Probe,1,-0.1453,-99,1.0,1,0.8,1
1,tcp,http,REJ,13,69,Probe,1,-0.1264,-99,1.0,1,0.8,1
1,icmp,ecr_i,S0,74,0,DoS,1,-0.0885,-99,1.0,1,0.8,1
98,tcp,ftp,SF,5418,3378,U2R,1,-0.1016,-99,1.0,1,0.8,1
223,tcp,telnet,SF,24969,1769,R2L,1,-0.0975,-99,1.0,1,0.8,1
1,tcp,http,S0,81,0,DoS,1,-0.0805,-99,1.0,1,0.8,1
1,tcp,ecr_i,S0,77,0,DoS,1,-0.0764,-99,1.0,1,0.8,1
129,tcp,smtp,RSTO,18589,3070,R2L,1,-0.0961,-99,1.0,1,0.8,1
0,tcp,private,S0,15,0,DoS,1,-0.0889,-99,1.0,1,0.8,1
2,tcp,smtp,SF,105,355,Probe,1,-0.1212,-99,1.0,1,0.8,1
0,tcp,ecr_i,S0,91,0,DoS,1,-0.0723,-99,1.0,1,0.8,1
296,tcp,smtp,SF,23628,4785,R2L,1,-0.0894,-99,1.0,1,0.8,1
3,udp,ftp,S0,149,350,Probe,1,-0.1494,-99,1.0,1,0.8,1
122,tcp,ssh,SF,12651,2311,R2L,1,-0.0838,-99,1.0,1,0.8,1
262,tcp,ssh,SF,17743,3864,R2L,1,-0.0513,-99,1.0,1,0.8,1
4,tcp,private,S0,262,243,Probe,1,-0.109,-99,1.0,1,0.8,1
1,icmp,private,S0,72,0,DoS,1,-0.1039,-99,1.0,1,0.8,1
4,udp,http,REJ,447,180,Probe,1,-0.1311,-99,1.0,1,0.8,1
1,tcp,ecr_i,S0,90,0,DoS,1,-0.0832,-99,1.0,1,0.8,1
0,tcp,http,S0,29,0,DoS,1,-0.0704,-99,1.0,1,0.8,1
81,tcp,ftp,SF,7142,567,U2R,1,-0.0568,-99,1.0,1,0.8,1
0,tcp,private,S0,4,0,DoS,1,-0.0881,-99,1.0,1,0.8,1
70,tcp,ssh,SF,5870,2360,U2R,1,-0.0987,-99,1.0,1,0.8,1
1,icmp,private,S0,80,0,DoS,1,-0.087,-99,1.0,1,0.8,1
2,udp,private,REJ,71,86,Probe,1,-0.1621,-99,1.0,1,0.8,1
1,icmp,ecr_i,S0,22,0,DoS,1,-0.0946,-99,1.0,1,0.8,1
0,tcp,private,REJ,45,0,DoS,1,-0.0691,-99,1.0,1,0.8,1
4,icmp,ftp,S0,164,95,Probe,1,-0.1576,-99,1.0,1,0.8,1
3,icmp,smtp,S0,328,412,Probe,1,-0.1525,-99,1.0,1,0.8,1
1,tcp,ecr_i,S0,10,0,DoS,1,-0.0867,-99,1.0,1,0.8,1
1,icmp,ftp,REJ,244,251,Probe,1,-0.1616,-99,1.0,1,0.8,1
1,tcp,private,REJ,63,0,DoS,1,-0.0942,-99,1.0,1,0.8,1
0,tcp,http,S0,88,0,DoS,1,-0.0715,-99,1.0,1,0.8,1
4,udp,smtp,S0,357,479,Probe,1,-0.127,-99,1.0,1,0.8,1
1,tcp,http,S0,28,0,DoS,1,-0.052,-99,1.0,1,0.8,1
1,udp,http,SF,206,207,Probe,1,-0.145,-99,1.0,1,0.8,1
93,tcp,ftp,RSTO,7856,316,R2L,1,-0.0722,-99,1.0,1,0.8,1
1,tcp,private,S0,12,0,DoS,1,-0.0777,-99,1.0,1,0.8,1
41,tcp,telnet,SF,1612,3560,U2R,1,-0.1085,-99,1.0,1,0.8,1
0,icmp,private,S0,70,0,DoS,1,-0.0885,-99,1.0,1,0.8,1
0,icmp,http,S0,54,0,DoS,1,-0.0716,-99,1.0,1,0.8,1
1,udp,private,S0,487,106,Probe,1,-0.1678,-99,1.0,1,0.8,1
1,tcp,private,REJ,3,0,DoS,1,-0.0765,-99,1.0,1,0.8,1
0,icmp,ecr_i,S0,94,0,DoS,1,-0.0897,-99,1.0,1,0.8,1
2,udp,smtp,REJ,98,477,Probe,1,-0.1167,-99,1.0,1,0.8,1
0,icmp,private,S0,54,0,DoS,1,-0.0813,-99,1.0,1,0.8,1
1,tcp,private,S0,56,0,DoS,1,-0.0748,-99,1.0,1,0.8,1
0,icmp,private,S0,79,0,DoS,1,-0.0837,-99,1.0,1,0.8,1
3,tcp,ftp,S0,172,427,Probe,1,-0.146,-99,1.0,1,0.8,1
176,tcp,ssh,SF,33864,4012,R2L,1,-0.0885,-99,1.0,1,0.8,1
1,icmp,http,S0,60,0,DoS,1,-0.0893,-99,1.0,1,0.8,1
1,tcp,private,REJ,96,0,DoS,1,-0.0705,-99,1.0,1,0.8,1
1,tcp,http,REJ,55,0,DoS,1,-0.081,-99,1.0,1,0.8,1
0,tcp,http,S0,52,0,DoS,1,-0.0618,-99,1.0,1,0.8,1
1,icmp,http,REJ,35,0,DoS,1,-0.0897,-99,1.0,1,0.8,1
2,tcp,ftp,REJ,24,28,Probe,1,-0.1401,-99,1.0,1,0.8,1
95,tcp,smtp,SF,34367,2932,R2L,1,-0.1147,-99,1.0,1,0.8,1
3,tcp,smtp,REJ,203,437,Probe,1,-0.1182,-99,1.0,1,0.8,1
240,tcp,ftp,RSTO,44227,2717,R2L,1,-0.0978,-99,1.0,1,0.8,1
40,tcp,ftp,SF,19594,416,R2L,1,-0.0452,-99,1.0,1,0.8,1
17,tcp,ftp,SF,42892,760,R2L,1,-0.0829,-99,1.0,1,0.8,1
0,icmp,ecr_i,REJ,5,0,DoS,1,-0.0836,-99,1.0,1,0.8,1
251,tcp,ssh,SF,9864,4245,R2L,1,-0.095,-99,1.0,1,0.8,1
1,tcp,private,S0,80,0,DoS,1,-0.0787,-99,1.0,1,0.8,1
0,icmp,http,S0,45,0,DoS,1,-0.0914,-99,1.0,1,0.8,1
184,tcp,smtp,SF,6617,3726,R2L,1,-0.094,-99,1.0,1,0.8,1
0,icmp,private,REJ,31,0,DoS,1,-0.0872,-99,1.0,1,0.8,1
0,tcp,ecr_i,S0,37,0,DoS,1,-0.0726,-99,1.0,1,0.8,1
1,icmp,http,REJ,336,115,Probe,1,-0.1663,-99,1.0,1,0.8,1
89,tcp,ftp,SF,6463,1110,U2R,1,-0.1295,-99,1.0,1,0.8,1
0,tcp,ecr_i,S0,73,0,DoS,1,-0.0663,-99,1.0,1,0.8,1
0,icmp,http,S0,365,63,Probe,1,-0.1425,-99,1.0,1,0.8,1
2,icmp,http,S0,123,478,Probe,1,-0.1452,-99,1.0,1,0.8,1
0,tcp,ecr_i,REJ,69,0,DoS,1,-0.0756,-99,1.0,1,0.8,1
1,icmp,ecr_i,REJ,11,0,DoS,1,-0.0912,-99,1.0,1,0.8,1
1,tcp,private,S0,40,0,DoS,1,-0.0601,-99,1.0,1,0.8,1
1,icmp,http,SF,70,52,Probe,1,-0.1498,-99,1.0,1,0.8,1
2,udp,smtp,SF,48,457,Probe,1,-0.1602,-99,1.0,1,0.8,1
0,icmp,ecr_i,S0,35,0,DoS,1,-0.0853,-99,1.0,1,0.8,1
1,tcp,http,REJ,59,0,DoS,1,-0.0803,-99,1.0,1,0.8,1
0,udp,ftp,S0,405,400,Probe,1,-0.1458,-99,1.0,1,0.8,1
50,tcp,ftp,SF,5502,3731,U2R,1,-0.134,-99,1.0,1,0.8,1
2,udp,http,S0,59,385,Probe,1,-0.127,-99,1.0,1,0.8,1
3,udp,private,S0,361,132,Probe,1,-0.1178,-99,1.0,1,0.8,1
4,udp,private,S0,466,99,Probe,1,-0.1248,-99,1.0,1,0.8,1
0,icmp,http,S0,28,0,DoS,1,-0.0769,-99,1.0,1,0.8,1
0,icmp,ecr_i,S0,84,0,DoS,1,-0.0724,-99,1.0,1,0.8,1
1,icmp,private,S0,17,0,DoS,1,-0.0809,-99,1.0,1,0.8,1
0,icmp,http,S0,52,0,DoS,1,-0.0767,-99,1.0,1,0.8,1
0,tcp,private,S0,74,0,DoS,1,-0.0934,-99,1.0,1,0.8,1
57,tcp,smtp,SF,20204,1142,R2L,1,-0.0985,-99,1.0,1,0.8,1
4,icmp,smtp,REJ,391,481,Probe,1,-0.1351,-99,1.0,1,0.8,1
40,tcp,telnet,SF,582,1320,U2R,1,-0.0976,-99,1.0,1,0.8,1
274,tcp,smtp,SF,35989,2357,R2L,1,-0.1006,-99,1.0,1,0.8,1
299,tcp,ftp,RSTO,38602,4189,R2L,1,-0.0776,-99,1.0,1,0.8,1
1,icmp,private,S0,93,0,DoS,1,-0.0942,-99,1.0,1,0.8,1
1,icmp,http,REJ,496,231,Probe,1,-0.154,-99,1.0,1,0.8,1
0,icmp,private,S0,92,0,DoS,1,-0.0827,-99,1.0,1,0.8,1
87,tcp,ftp,SF,8798,1516,U2R,1,-0.1076,-99,1.0,1,0.8,1
15,tcp,ssh,SF,4481,2070,U2R,1,-0.1139,-99,1.0,1,0.8,1
0,tcp,http,S0,435,41,Probe,1,-0.1214,-99,1.0,1,0.8,1
0,tcp,private,S0,280,397,Probe,1,-0.1395,-99,1.0,1,0.8,1
1,tcp,http,S0,35,0,DoS,1,-0.0792,-99,1.0,1,0.8,1
2,icmp,smtp,REJ,61,4,Probe,1,-0.1253,-99,1.0,1,0.8,1
1,icmp,http,REJ,23,0,DoS,1,-0.093,-99,1.0,1,0.8,1
1,tcp,private,REJ,81,0,DoS,1,-0.0838,-99,1.0,1,0.8,1
39,tcp,smtp,SF,8525,3301,R2L,1,-0.0632,-99,1.0,1,0.8,1
1,icmp,private,S0,54,0,DoS,1,-0.0857,-99,1.0,1,0.8,1
2,tcp,smtp,S0,386,302,Probe,1,-0.1241,-99,1.0,1,0.8,1
0,tcp,http,S0,33,0,DoS,1,-0.0671,-99,1.0,1,0.8,1
1,icmp,private,S0,38,0,DoS,1,-0.0876,-99,1.0,1,0.8,1
181,tcp,ftp,SF,14672,4865,R2L,1,-0.0632,-99,1.0,1,0.8,1
1,icmp,private,S0,260,403,Probe,1,-0.1449,-99,1.0,1,0.8,1
184,tcp,telnet,SF,3620,3027,R2L,1,-0.1102,-99,1.0,1,0.8,1
69,tcp,telnet,SF,2036,3625,U2R,1,-0.1488,-99,1.0,1,0.8,1
0,icmp,http,S0,87,0,DoS,1,-0.0957,-99,1.0,1,0.8,1
3,icmp,ftp,REJ,224,279,Probe,1,-0.1522,-99,1.0,1,0.8,1
1,icmp,http,SF,73,159,Probe,1,-0.1401,-99,1.0,1,0.8,1
1,tcp,private,REJ,7,0,DoS,1,-0.0887,-99,1.0,1,0.8,1
1,tcp,http,S0,18,0,DoS,1,-0.0764,-99,1.0,1,0.8,1
1,icmp,smtp,REJ,71,465,Probe,1,-0.1601,-99,1.0,1,0.8,1
78,tcp,ssh,SF,9724,2576,U2R,1,-0.1079,-99,1.0,1,0.8,1
5,tcp,telnet,SF,1894,700,U2R,1,-0.0706,-99,1.0,1,0.8,1
2,udp,ftp,S0,195,268,Probe,1,-0.1593,-99,1.0,1,0.8,1
49,tcp,ssh,SF,4919,2471,R2L,1,-0.07,-99,1.0,1,0.8,1
0,tcp,private,S0,402,9,Probe,1,-0.1102,-99,1.0,1,0.8,1
0,tcp,http,REJ,5,0,DoS,1,-0.0748,-99,1.0,1,0.8,1
0,icmp,private,S0,82,0,DoS,1,-0.1018,-99,1.0,1,0.8,1
1,icmp,http,S0,58,0,DoS,1,-0.086,-99,1.0,1,0.8,1
2,udp,smtp,SF,101,337,Probe,1,-0.1444,-99,1.0,1,0.8,1
0,icmp,ftp,REJ,232,304,Probe,1,-0.1266,-99,1.0,1,0.8,1
1,tcp,http,REJ,79,0,DoS,1,-0.0806,-99,1.0,1,0.8,1
2,icmp,private,S0,8,298,Probe,1,-0.1696,-99,1.0,1,0.8,1
1,tcp,private,REJ,95,0,DoS,1,-0.0877,-99,1.0,1,0.8,1
162,tcp,ftp,SF,36439,2999,R2L,1,-0.0272,-99,1.0,1,0.8,1
4,icmp,ftp,REJ,98,276,Probe,1,-0.1398,-99,1.0,1,0.8,1
1,icmp,ecr_i,REJ,32,0,DoS,1,-0.0815,-99,1.0,1,0.8,1
1,icmp,ecr_i,S0,26,0,DoS,1,-0.082,-99,1.0,1,0.8,1
0,tcp,http,REJ,94,0,DoS,1,-0.0809,-99,1.0,1,0.8,1
0,tcp,private,REJ,17,0,DoS,1,-0.0892,-99,1.0,1,0.8,1
2,icmp,ftp,REJ,201,40,Probe,1,-0.128,-99,1.0,1,0.8,1
215,tcp,telnet,SF,1641,2133,R2L,1,-0.1007,-99,1.0,1,0.8,1
0,tcp,http,S0,1,0,DoS,1,-0.085,-99,1.0,1,0.8,1
2,icmp,private,SF,12,127,Probe,1,-0.1407,-99,1.0,1,0.8,1
63,tcp,telnet,SF,3774,3462,U2R,1,-0.0994,-99,1.0,1,0.8,1
4,tcp,smtp,REJ,43,208,Probe,1,-0.142,-99,1.0,1,0.8,1
0,icmp,ecr_i,S0,79,0,DoS,1,-0.0776,-99,1.0,1,0.8,1
240,tcp,ftp,SF,23748,545,R2L,1,-0.106,-99,1.0,1,0.8,1
108,tcp,smtp,SF,11797,1676,R2L,1,-0.0679,-99,1.0,1,0.8,1
0,tcp,http,REJ,9,0,DoS,1,-0.0783,-99,1.0,1,0.8,1
0,tcp,private,S0,99,0,DoS,1,-0.083,-99,1.0,1,0.8,1
38,tcp,ssh,RSTO,33942,4353,R2L,1,-0.0962,-99,1.0,1,0.8,1
3,tcp,private,REJ,113,21,Probe,1,-0.138,-99,1.0,1,0.8,1
1,tcp,ecr_i,REJ,81,0,DoS,1,-0.0958,-99,1.0,1,0.8,1
1,icmp,private,S0,70,0,DoS,1,-0.0612,-99,1.0,1,0.8,1
2,tcp,private,SF,119,143,Probe,1,-0.1328,-99,1.0,1,0.8,1
1,tcp,private,S0,75,0,DoS,1,-0.0799,-99,1.0,1,0.8,1
2,tcp,ftp,REJ,200,410,Probe,1,-0.1403,-99,1.0,1,0.8,1
0,tcp,ecr_i,S0,0,0,DoS,1,-0.0852,-99,1.0,1,0.8,1
172,tcp,ftp,SF,27671,1024,R2L,1,-0.0686,-99,1.0,1,0.8,1
2,tcp,smtp,SF,107,487,Probe,1,-0.1148,-99,1.0,1,0.8,1
111,tcp,ftp,RSTO,18602,4215,R2L,1,-0.106,-99,1.0,1,0.8,1
1,udp,ftp,SF,233,197,Probe,1,-0.1267,-99,1.0,1,0.8,1
0,tcp,http,S0,395,344,Probe,1,-0.1536,-99,1.0,1,0.8,1
0,icmp,private,S0,332,228,Probe,1,-0.1539,-99,1.0,1,0.8,1
3,tcp,private,REJ,241,140,Probe,1,-0.1204,-99,1.0,1,0.8,1
0,tcp,ecr_i,S0,91,0,DoS,1,-0.0781,-99,1.0,1,0.8,1
0,tcp,private,REJ,64,0,DoS,1,-0.079,-99,1.0,1,0.8,1
1,icmp,private,S0,95,0,DoS,1,-0.0718,-99,1.0,1,0.8,1
0,udp,smtp,S0,58,212,Probe,1,-0.1547,-99,1.0,1,0.8,1
0,tcp,ecr_i,REJ,37,0,DoS,1,-0.0867,-99,1.0,1,0.8,1
4,udp,private,S0,497,478,Probe,1,-0.1565,-99,1.0,1,0.8,1
0,tcp,http,S0,15,0,DoS,1,-0.0834,-99,1.0,1,0.8,1
1,tcp,private,REJ,259,447,Probe,1,-0.0967,-99,1.0,1,0.8,1
12,tcp,ftp,SF,32245,3595,R2L,1,-0.0783,-99,1.0,1,0.8,1
2,icmp,smtp,S0,287,365,Probe,1,-0.1568,-99,1.0,1,0.8,1
55,tcp,telnet,SF,6991,2870,U2R,1,-0.1093,-99,1.0,1,0.8,1
0,icmp,http,S0,47,0,DoS,1,-0.0803,-99,1.0,1,0.8,1
0,tcp,ecr_i,S0,5,0,DoS,1,-0.0954,-99,1.0,1,0.8,1
1,tcp,private,S0,20,0,DoS,1,-0.1014,-99,1.0,1,0.8,1
1,tcp,http,S0,61,0,DoS,1,-0.0974,-99,1.0,1,0.8,1
71,tcp,telnet,SF,4498,451,U2R,1,-0.0983,-99,1.0,1,0.8,1
1,tcp,ecr_i,REJ,71,0,DoS,1,-0.068,-99,1.0,1,0.8,1
0,icmp,http,S0,23,0,DoS,1,-0.0994,-99,1.0,1,0.8,1
1,udp,http,REJ,11,114,Probe,1,-0.1144,-99,1.0,1,0.8,1
0,icmp,ftp,S0,3,362,Probe,1,-0.1602,-99,1.0,1,0.8,1
1,tcp,http,S0,0,0,DoS,1,-0.0953,-99,1.0,1,0.8,1
4,tcp,smtp,REJ,202,110,Probe,1,-0.1066,-99,1.0,1,0.8,1
17,tcp,ssh,SF,8086,2358,U2R,1,-0.1338,-99,1.0,1,0.8,1
200,tcp,telnet,RSTO,13164,2863,R2L,1,-0.0573,-99,1.0,1,0.8,1
168,tcp,telnet,SF,21389,4687,R2L,1,-0.1024,-99,1.0,1,0.8,1
4,udp,http,SF,8,165,Probe,1,-0.1249,-99,1.0,1,0.8,1
0,icmp,http,S0,28,0,DoS,1,-0.0894,-99,1.0,1,0.8,1
0,tcp,http,S0,14,0,DoS,1,-0.0841,-99,1.0,1,0.8,1
142,tcp,smtp,SF,23345,4659,R2L,1,-0.041,-99,1.0,1,0.8,1
0,udp,http,REJ,271,66,Probe,1,-0.1364,-99,1.0,1,0.8,1
1,tcp,http,REJ,54,0,DoS,1,-0.0778,-99,1.0,1,0.8,1
0,tcp,ecr_i,S0,14,0,DoS,1,-0.0636,-99,1.0,1,0.8,1
91,tcp,telnet,SF,9148,2006,U2R,1,-0.1132,-99,1.0,1,0.8,1
2,icmp,ftp,REJ,318,151,Probe,1,-0.1503,-99,1.0,1,0.8,1
0,tcp,ecr_i,S0,88,0,DoS,1,-0.0542,-99,1.0,1,0.8,1
1,tcp,private,S0,30,0,DoS,1,-0.0798,-99,1.0,1,0.8,1
0,tcp,private,S0,480,72,Probe,1,-0.1236,-99,1.0,1,0.8,1
63,tcp,ftp,SF,12830,2011,R2L,1,-0.0342,-99,1.0,1,0.8,1
1,tcp,ftp,SF,209,351,Probe,1,-0.1308,-99,1.0,1,0.8,1
1,tcp,http,S0,35,0,DoS,1,-0.0848,-99,1.0,1,0.8,1
1,tcp,ecr_i,REJ,71,0,DoS,1,-0.073,-99,1.0,1,0.8,1
1,icmp,ecr_i,S0,71,0,DoS,1,-0.0935,-99,1.0,1,0.8,1
0,tcp,private,S0,45,0,DoS,1,-0.0898,-99,1.0,1,0.8,1
117,tcp,ftp,SF,1954,4937,R2L,1,-0.1177,-99,1.0,1,0.8,1
0,tcp,http,S0,14,0,DoS,1,-0.0779,-99,1.0,1,0.8,1
0,tcp,http,REJ,52,0,DoS,1,-0.07,-99,1.0,1,0.8,1
0,tcp,ecr_i,S0,40,0,DoS,1,-0.0772,-99,1.0,1,0.8,1
213,tcp,smtp,SF,13081,349,R2L,1,-0.0699,-99,1.0,1,0.8,1
43,tcp,smtp,SF,27932,4645,R2L,1,-0.1148,-99,1.0,1,0.8,1
0,icmp,ecr_i,S0,21,0,DoS,1,-0.0933,-99,1.0,1,0.8,1
3,icmp,private,S0,321,338,Probe,1,-0.1112,-99,1.0,1,0.8,1
1,icmp,ftp,S0,480,184,Probe,1,-0.1264,-99,1.0,1,0.8,1
1,icmp,ecr_i,S0,73,0,DoS,1,-0.1104,-99,1.0,1,0.8,1
0,tcp,ecr_i,S0,69,0,DoS,1,-0.0806,-99,1.0,1,0.8,1
1,udp,private,REJ,263,447,Probe,1,-0.1537,-99,1.0,1,0.8,1
1,icmp,ecr_i,S0,32,0,DoS,1,-0.0782,-99,1.0,1,0.8,1
2,tcp,http,REJ,126,193,Probe,1,-0.122,-99,1.0,1,0.8,1
1,icmp,private,S0,77,0,DoS,1,-0.0896,-99,1.0,1,0.8,1
0,tcp,private,S0,59,0,DoS,1,-0.0921,-99,1.0,1,0.8,1
1,tcp,private,S0,55,0,DoS,1,-0.0771,-99,1.0,1,0.8,1
0,icmp,private,S0,0,0,DoS,1,-0.0883,-99,1.0,1,0.8,1
19,tcp,ftp,SF,4184,1732,U2R,1,-0.1067,-99,1.0,1,0.8,1
0,icmp,private,S0,65,0,DoS,1,-0.074,-99,1.0,1,0.8,1
1,icmp,ecr_i,S0,75,0,DoS,1,-0.0911,-99,1.0,1,0.8,1
1,icmp,ecr_i,S0,57,0,DoS,1,-0.0839,-99,1.0,1,0.8,1
1,tcp,ftp,REJ,112,58,Probe,1,-0.1269,-99,1.0,1,0.8,1
2,tcp,ftp,REJ,73,349,Probe,1,-0.1018,-99,1.0,1,0.8,1
0,udp,smtp,S0,172,213,Probe,1,-0.1544,-99,1.0,1,0.8,1
1,icmp,http,REJ,55,0,DoS,1,-0.0773,-99,1.0,1,0.8,1
2,tcp,ftp,SF,246,115,Probe,1,-0.1314,-99,1.0,1,0.8,1
3,udp,http,REJ,298,256,Probe,1,-0.1442,-99,1.0,1,0.8,1
1,tcp,ecr_i,S0,69,0,DoS,1,-0.0936,-99,1.0,1,0.8,1
255,tcp,telnet,SF,14979,3676,R2L,1,-0.0962,-99,1.0,1,0.8,1
0,icmp,ecr_i,S0,26,0,DoS,1,-0.0857,-99,1.0,1,0.8,1
1,icmp,http,REJ,92,0,DoS,1,-0.0946,-99,1.0,1,0.8,1
44,tcp,ssh,SF,762,1755,U2R,1,-0.1229,-99,1.0,1,0.8,1
4,tcp,ftp,REJ,221,123,Probe,1,-0.1461,-99,1.0,1,0.8,1
1,tcp,smtp,REJ,436,496,Probe,1,-0.1345,-99,1.0,1,0.8,1
4,tcp,http,S0,499,223,Probe,1,-0.115,-99,1.0,1,0.8,1
4,tcp,ftp,REJ,198,199,Probe,1,-0.1311,-99,1.0,1,0.8,1
3,icmp,private,S0,80,10,Probe,1,-0.1229,-99,1.0,1,0.8,1
1,tcp,ecr_i,S0,34,0,DoS,1,-0.0646,-99,1.0,1,0.8,1
149,tcp,ssh,RSTO,23459,4134,R2L,1,-0.0314,-99,1.0,1,0.8,1
83,tcp,smtp,SF,43759,4765,R2L,1,-0.0845,-99,1.0,1,0.8,1
0,tcp,ecr_i,REJ,97,0,DoS,1,-0.0776,-99,1.0,1,0.8,1
1,tcp,ecr_i,REJ,89,0,DoS,1,-0.0782,-99,1.0,1,0.8,1
25,tcp,ssh,RSTO,7101,748,R2L,1,-0.0453,-99,1.0,1,0.8,1
1,tcp,http,S0,10,0,DoS,1,-0.0713,-99,1.0,1,0.8,1
112,tcp,smtp,SF,36367,163,R2L,1,-0.014,-99,1.0,1,0.8,1
3,tcp,smtp,S0,126,93,Probe,1,-0.1355,-99,1.0,1,0.8,1
0,icmp,ecr_i,S0,44,0,DoS,1,-0.0824,-99,1.0,1,0.8,1
2,udp,http,S0,219,348,Probe,1,-0.132,-99,1.0,1,0.8,1
1,icmp,ecr_i,S0,85,0,DoS,1,-0.0748,-99,1.0,1,0.8,1
